{
  "Wrong Object": 0.1,
  "Missing Object": 0.85,
  "Extra Object": 0.95,
  "Wrong Attribute": 0.85,
  "Spatial Error": 0.9,
  "Style Mismatch": 0.1,
  "Over-editing": 0.15000000000000002,
  "Under-editing": 0.30000000000000004,
  "Artifact / Quality Issue": 0.7000000000000001,
  "Ambiguous Prompt": 0.1,
  "Failed Removal": 0.85
}