{
  "v2_best_val_macro_f1_supported": 0.491743421227371,
  "v2_benchmark_metrics": {
    "micro_f1": 0.6652360515021459,
    "macro_f1": 0.2917131281628865,
    "macro_f1_supported": 0.3565382677546391,
    "mAP_micro": 0.6330954537184633,
    "mAP_macro_supported": 0.35859051575211676
  },
  "v2_full_test_metrics": {
    "micro_f1": 0.4658851818455065,
    "macro_f1": 0.21815709140303177,
    "macro_f1_supported": 0.26663644504815,
    "mAP_micro": 0.4055643431598923,
    "mAP_macro_supported": 0.2368823812243237
  },
  "best_thresholds": [
    0.1,
    0.9000000000000002,
    0.7500000000000002,
    0.7000000000000002,
    0.7000000000000002,
    0.1,
    0.1,
    0.1,
    0.7500000000000002,
    0.8000000000000002,
    0.30000000000000004
  ],
  "pos_weight": [
    8.0,
    8.0,
    8.0,
    6.235555648803711,
    8.0,
    5.617886066436768,
    8.0,
    1.0,
    8.0,
    8.0,
    8.0
  ]
}
