{
  "overall_acc": 0.7895833333333333,
  "overall_f1": 0.766743648960739,
  "overall_prec": 0.7614678899082569,
  "overall_rec": 0.772093023255814,
  "overall_roc_auc": 0.8413348934717957,
  "lang_acc_en": 0.7791666666666667,
  "lang_f1_en": 0.7534883720930232,
  "lang_acc_hi": 0.7895833333333333,
  "lang_f1_hi": 0.767816091954023,
  "lang_acc_bn": 0.8,
  "lang_f1_bn": 0.7788018433179723
}