{
  "v3_best_val_composite_score": 0.5191596241372048,
  "v3_benchmark_metrics": {
    "micro_f1": 0.6651845264562027,
    "macro_f1": 0.29088163190647437,
    "macro_f1_supported": 0.35552199455235756,
    "mAP_micro": 0.6884170352320282,
    "mAP_macro_supported": 0.3595648139056476
  },
  "v3_full_test_metrics": {
    "micro_f1": 0.4835164835164835,
    "macro_f1": 0.23019084385282823,
    "macro_f1_supported": 0.2813443647090123,
    "mAP_micro": 0.4558694109328613,
    "mAP_macro_supported": 0.2361650387758037
  },
  "best_thresholds": [
    0.1,
    0.7500000000000002,
    0.40000000000000013,
    0.45000000000000007,
    0.45000000000000007,
    0.1,
    0.9000000000000002,
    0.1,
    0.45000000000000007,
    0.45000000000000007,
    0.1
  ],
  "pos_weight": [
    4.0,
    4.0,
    4.0,
    2.4971094131469727,
    4.0,
    2.3702080249786377,
    4.0,
    1.0,
    4.0,
    4.0,
    4.0
  ],
  "loss_blend": {
    "plain_bce": 0.7,
    "weighted_bce": 0.3,
    "op_aux_weight": 0.0
  }
}
