,adherence_fail,Wrong Object,Missing Object,Extra Object,Wrong Attribute,Spatial Error,Style Mismatch,Over-editing,Under-editing,Artifact / Quality Issue,Ambiguous Prompt,Failed Removal
word_count,-0.04166666666666643,0.07856742013183876,0.18731716231633874,0.4995124328435702,-0.22866478019001168,0.15244318679334135,-0.18144368465060565,0.27216552697590873,-0.28097574347450816,-0.03811079669833527,-0.40824829046386285,
char_count,-0.08706147959254015,0.06751935252905363,0.2730293138371171,0.39928564393520605,-0.23215173274185208,0.1531623464977365,-0.22242851098478564,0.1903254269251259,-0.0741755939326272,-0.05876039708403725,-0.36001315695475616,
has_spatial_words,0.18731716231633877,0.3973597071195132,-0.05263157894736843,1.0,-0.0963738849304853,0.5461186812727501,-0.07647191129018728,-0.07647191129018725,-0.05263157894736839,-0.09637388493048535,-0.07647191129018721,
count_of_colors,-0.06804138174397723,-0.1924500897298753,-0.07647191129018725,-0.07647191129018728,-0.14002800840280102,-0.14002800840280102,-0.11111111111111112,0.4444444444444446,-0.07647191129018728,-0.14002800840280102,-0.11111111111111115,
num_changes_proxy,-0.06804138174397716,0.1924500897298753,-0.07647191129018727,-0.0764719112901873,-0.14002800840280102,-0.14002800840280102,-0.11111111111111113,-0.11111111111111116,-0.0764719112901873,-0.14002800840280102,-0.11111111111111116,
specificity_proxy,0.057166195047502956,0.08084520834544433,0.5461186812727501,-0.09637388493048532,-0.17647058823529416,-0.17647058823529416,-0.140028008402801,-0.140028008402801,-0.09637388493048532,-0.17647058823529416,-0.140028008402801,
