{
  "id": "pref_02339",
  "lang": "hi",
  "instruction": "छवि को बेहतर बनाएं ताकि यह धूप वाले दिन की तरह उज्ज्वल, स्पष्ट पानी के नीचे की स्थितियों का अनुकरण करे, इसके लिए समग्र चमक बढ़ाएं, जेलीफ़िश के विवरण को स्पष्ट करें, और जीवंत नीले पानी से छनकर आने वाली सूक्ष्म, गर्म प्रकाश की किरणें या कॉस्टिक्स (caustics) जोड़ें।",
  "source_path": "images/source/shard_00/pref_02339.png",
  "target_path": "images/target/shard_00/pref_02339.png",
  "gold_labels": [
    "Under-editing"
  ],
  "pred_labels": [
    "Under-editing"
  ],
  "probabilities": {
    "Wrong Object": 7.748603820800781e-07,
    "Missing Object": 8.404254913330078e-06,
    "Extra Object": 4.649162292480469e-06,
    "Wrong Attribute": 0.0007238388061523438,
    "Spatial Error": 1.1920928955078125e-07,
    "Style Mismatch": 0.0009584426879882812,
    "Over-editing": 1.7881393432617188e-07,
    "Under-editing": 0.9892578125,
    "Artifact / Quality Issue": 8.046627044677734e-06,
    "Ambiguous Prompt": 8.344650268554688e-07,
    "Failed Removal": 5.960464477539063e-08
  },
  "thresholds": {
    "Wrong Object": 0.1,
    "Missing Object": 0.7500000000000002,
    "Extra Object": 0.40000000000000013,
    "Wrong Attribute": 0.45000000000000007,
    "Spatial Error": 0.45000000000000007,
    "Style Mismatch": 0.1,
    "Over-editing": 0.9000000000000002,
    "Under-editing": 0.1,
    "Artifact / Quality Issue": 0.45000000000000007,
    "Ambiguous Prompt": 0.45000000000000007,
    "Failed Removal": 0.1
  },
  "demo_mode": "artifact_replay"
}
